id,occupancy,max_number,country,state,date,certified_by
1,0.39,580.14,Poland,,2020-12-23,72
2,0.29,569.2,Guatemala,,2020-06-22,19
3,0.62,872.39,Greece,,2020-04-10,99
4,0.29,965.48,Colombia,,2021-11-30,33
5,0.18,509.96,Croatia,,2021-09-03,15
6,0.81,753.66,China,,2020-09-06,83
7,0.24,344.83,Indonesia,,2021-08-11,90
8,0.47,901.14,Mexico,Veracruz Llave,2020-06-17,10
9,0.97,247.6,China,,2020-03-08,99
10,0.32,504.1,Poland,,2020-01-29,13
11,0.2,994.58,France,Bretagne,2020-05-21,90
12,0.52,366.15,Pakistan,,2020-01-23,94
13,0.41,679.59,Philippines,,2021-05-06,57
14,0.7,670.9,Russia,,2020-08-22,43
15,0.85,642.26,Cuba,,2021-10-15,67
16,0.85,436.36,Vietnam,,2021-08-10,4
17,0.68,903.57,China,,2021-06-26,5
18,0.43,468.1,Colombia,,2020-01-11,7
19,0.09,718.85,Philippines,,2021-04-20,77
20,0.62,956.61,Philippines,,2020-01-20,72
21,0.94,826.52,Russia,,2020-12-19,24
22,0.77,876.15,Brazil,,2020-08-06,61
23,0.63,582.02,Belarus,,2020-12-08,53
24,0.59,904.16,Indonesia,,2020-08-21,40
25,0.78,124.08,Cuba,,2020-07-10,49
26,0.85,168.62,China,,2020-02-28,25
27,0.56,549.18,Colombia,,2021-10-08,41
28,0.26,160.13,Indonesia,,2021-01-19,91
29,0.45,720.2,China,,2021-06-28,74
30,0.01,627.94,Ukraine,,2020-01-03,76
31,0.47,444.59,Brazil,,2021-01-23,45
32,0.32,192.12,Philippines,,2021-12-16,25
33,0.33,862.71,France,Pays de la Loire,2020-02-21,83
34,0.45,186.05,Cyprus,,2021-03-18,60
35,0.75,277.05,Slovenia,,2020-02-25,81
36,0.6,145.06,China,,2021-03-31,74
37,0.65,945.24,China,,2021-10-22,44
38,0.97,272.76,Democratic Republic of the Congo,,2020-09-02,94
39,0.09,155.22,Vietnam,,2020-02-24,87
40,0.02,513.21,Poland,,2021-11-15,99
41,0.34,433.96,Russia,,2021-03-23,48
42,0.37,157.05,Poland,,2021-03-18,33
43,0.23,437.03,Canada,Québec,2020-08-01,29
44,0.34,963.85,Indonesia,,2020-06-04,50
45,0.89,143.71,South Africa,,2021-10-14,7
46,0.58,692.44,Sweden,Stockholm,2020-08-18,93
47,0.24,655.24,Turks and Caicos Islands,,2021-09-30,24
48,0.47,999.24,Nigeria,,2020-08-08,45
49,0.28,988.87,Indonesia,,2021-06-20,44
50,0.46,652.08,Philippines,,2021-09-20,50
51,0.07,179.18,Libya,,2021-09-28,68
52,0.22,428.86,Czech Republic,,2021-07-13,93
53,0.44,275.05,Peru,,2021-04-14,81
54,0.79,703.27,Russia,,2021-12-21,53
55,0.76,491.83,Sri Lanka,,2021-02-12,84
56,0.21,124.31,Russia,,2020-08-10,20
57,0.35,479.75,Canada,Québec,2021-03-03,4
58,0.22,961.11,China,,2020-08-15,28
59,0.17,420.26,Japan,,2021-12-02,45
60,0.18,662.82,Mexico,Chiapas,2021-02-11,36
61,0.42,350.42,Central African Republic,,2021-08-14,18
62,0.36,487.86,Russia,,2021-08-17,86
63,0.88,496.18,Indonesia,,2020-08-20,39
64,0.57,815.93,China,,2021-12-11,87
65,0.38,921.24,Poland,,2021-07-13,36
66,0.35,155.71,Poland,,2020-11-04,3
67,0.08,776.15,Indonesia,,2020-09-25,36
68,0.93,635.97,Georgia,,2021-03-03,13
69,0.99,508.82,China,,2021-09-27,8
70,0.87,910.99,Ukraine,,2020-03-03,13
71,0.25,944.34,Morocco,,2020-01-11,84
72,0.17,933.92,Venezuela,,2021-11-02,9
73,0.28,677.93,Guatemala,,2021-01-21,55
74,0.58,199.68,China,,2020-08-27,52
75,0.58,408.92,Brazil,,2021-05-23,34
76,0.5,908.4,China,,2020-11-13,11
77,0.83,924.26,Mexico,Veracruz Llave,2020-09-03,50
78,0.03,646.47,Russia,,2021-02-22,46
79,0.79,367.62,Czech Republic,,2021-06-17,68
80,0.11,378.62,Canada,Québec,2021-03-18,66
81,0.41,373.59,France,Provence-Alpes-Côte d'Azur,2020-08-01,63
82,0.82,685.81,Russia,,2021-01-06,2
83,0.17,275.03,China,,2020-05-13,35
84,1.0,298.88,China,,2021-01-12,63
85,0.41,435.28,Indonesia,,2021-11-15,29
86,0.98,514.86,Portugal,Setúbal,2021-11-13,16
87,0.87,700.13,Poland,,2020-06-02,92
88,0.04,264.54,China,,2021-12-26,82
89,0.84,868.62,China,,2021-12-24,32
90,0.12,342.49,Russia,,2020-12-18,60
91,0.07,183.06,Thailand,,2021-02-02,98
92,0.32,838.62,Ukraine,,2021-04-10,11
93,0.93,108.29,Somalia,,2020-10-27,75
94,0.8,836.63,Portugal,Leiria,2021-10-31,98
95,0.39,654.12,Mongolia,,2020-10-30,75
96,0.98,484.56,China,,2020-09-03,14
97,0.43,485.82,Poland,,2021-01-23,36
98,0.36,659.04,Brazil,,2021-01-02,16
99,0.32,738.31,Serbia,,2021-01-17,26
100,0.46,675.32,China,,2021-04-13,55
101,0.22,294.64,China,,2020-07-29,21
102,0.15,481.76,Russia,,2021-07-18,30
103,0.8,844.1,Kenya,,2020-12-06,81
104,0.81,944.73,Czech Republic,,2021-12-18,8
105,0.8,643.93,Cuba,,2020-03-01,81
106,0.44,980.45,Sweden,Västra Götaland,2020-03-05,43
107,0.64,393.49,Colombia,,2021-02-28,32
108,0.06,348.38,France,Midi-Pyrénées,2020-02-18,22
109,0.56,527.91,Poland,,2020-09-13,1
110,0.3,632.22,Bosnia and Herzegovina,,2021-08-27,70
111,0.42,755.71,Syria,,2021-09-07,19
112,0.5,251.98,Sweden,Västra Götaland,2021-07-24,34
113,0.58,783.06,Portugal,Bragança,2020-08-30,66
114,0.5,836.97,Philippines,,2020-09-07,22
115,0.72,785.52,Brazil,,2020-03-31,77
116,0.03,444.22,Peru,,2020-09-24,19
117,0.62,584.76,Uganda,,2021-08-01,22
118,0.26,104.76,Ivory Coast,,2020-02-20,14
119,0.19,862.71,Philippines,,2020-05-22,15
120,0.67,753.0,Italy,Calabria,2021-02-19,47
121,0.33,575.44,Norway,Oslo,2020-05-07,4
122,0.88,384.42,Peru,,2021-10-05,98
123,0.04,614.6,China,,2021-08-26,17
124,0.61,224.58,Poland,,2021-06-29,49
125,0.52,972.41,Georgia,,2021-05-18,95
126,0.11,146.54,Russia,,2021-07-27,38
127,0.42,861.57,China,,2021-08-06,30
128,0.5,762.61,Russia,,2021-07-02,79
129,0.34,299.81,Colombia,,2020-12-21,71
130,0.32,654.7,Mongolia,,2021-07-27,84
131,0.34,310.09,Portugal,Lisboa,2021-09-02,5
132,0.11,624.9,Poland,,2021-07-15,80
133,0.54,379.46,Venezuela,,2021-01-23,16
134,0.7,791.02,Ireland,,2020-12-22,74
135,0.59,277.18,Indonesia,,2021-09-15,84
136,0.44,830.86,Venezuela,,2021-12-06,10
137,0.99,480.35,Brazil,,2021-10-12,30
138,0.84,343.01,China,,2021-12-26,80
139,0.26,626.98,Russia,,2020-04-15,57
140,0.87,348.97,Indonesia,,2020-03-13,62
141,0.31,770.84,Indonesia,,2021-02-25,61
142,0.57,597.15,Ukraine,,2021-10-01,24
143,0.56,337.25,Kazakhstan,,2021-10-02,63
144,0.39,237.58,Finland,,2020-08-17,44
145,0.39,262.61,Mozambique,,2020-01-19,74
146,0.02,268.59,China,,2020-05-18,72
147,0.83,749.83,Brazil,,2020-08-08,34
148,0.54,738.46,Iran,,2021-12-08,90
149,0.47,418.32,French Polynesia,,2020-04-15,12
150,0.76,563.99,Palestinian Territory,,2021-02-11,51
151,0.83,934.13,China,,2020-02-12,31
152,0.25,454.81,Philippines,,2020-06-27,67
153,0.01,594.01,Portugal,Lisboa,2020-06-05,59
154,0.14,897.92,United States,District of Columbia,2020-04-12,88
155,0.93,432.63,Ethiopia,,2020-11-26,57
156,0.8,233.18,Norway,Oslo,2020-10-25,80
157,0.73,252.3,Sweden,Västra Götaland,2021-01-03,46
158,0.65,702.74,United States,Texas,2020-02-16,39
159,0.31,853.26,Sweden,Stockholm,2021-09-01,41
160,0.1,383.38,United States,Ohio,2021-12-04,51
161,0.6,756.12,Portugal,Porto,2020-12-13,98
162,0.6,213.13,Denmark,Region Hovedstaden,2020-01-22,13
163,0.36,167.01,Nigeria,,2020-12-22,39
164,0.64,912.51,Peru,,2020-06-20,8
165,0.74,745.99,Sweden,Jämtland,2020-08-15,6
166,0.47,400.36,Indonesia,,2020-11-20,51
167,0.41,826.95,Russia,,2021-12-21,95
168,0.88,536.48,China,,2021-03-01,68
169,0.3,723.06,Croatia,,2020-08-24,100
170,0.13,944.06,Japan,,2020-08-07,7
171,0.7,879.98,Indonesia,,2021-02-21,97
172,0.53,245.41,Philippines,,2020-12-23,21
173,0.99,708.1,Brazil,,2020-04-07,30
174,0.37,326.52,Finland,,2021-10-17,2
175,0.79,238.95,Mexico,Durango,2021-07-10,77
176,0.2,782.68,China,,2020-02-20,90
177,0.05,119.93,France,Pays de la Loire,2021-06-21,7
178,0.97,505.19,Brazil,,2021-09-29,93
179,0.96,804.26,Indonesia,,2021-04-26,97
180,0.96,977.71,China,,2020-01-12,86
181,0.21,633.38,Sweden,Västra Götaland,2020-10-01,20
182,0.53,338.89,South Korea,,2020-11-26,11
183,0.02,824.73,Poland,,2020-11-14,26
184,0.47,630.31,China,,2021-01-16,70
185,0.54,954.1,United States,Illinois,2021-06-18,15
186,0.14,763.3,Russia,,2020-08-19,77
187,0.32,319.79,China,,2020-04-16,33
188,0.59,234.49,France,Pays de la Loire,2021-08-18,63
189,0.22,229.74,Argentina,,2021-05-04,46
190,0.09,135.47,China,,2020-10-18,17
191,0.07,972.43,Panama,,2020-05-25,29
192,0.46,424.18,Russia,,2021-10-11,6
193,0.57,356.9,Central African Republic,,2021-03-02,68
194,0.91,602.93,China,,2020-05-04,17
195,0.95,450.9,Poland,,2020-05-16,19
196,0.67,749.38,Finland,,2021-12-13,79
197,0.43,831.72,China,,2020-08-26,21
198,0.93,283.26,Russia,,2020-10-31,44
199,0.41,823.6,Peru,,2021-09-18,78
200,0.75,677.58,Poland,,2021-12-25,47
201,0.76,706.52,China,,2021-12-03,52
202,0.15,796.9,Canada,Québec,2021-04-15,32
203,0.5,117.92,China,,2020-11-10,61
204,0.81,903.41,Armenia,,2020-10-14,1
205,0.43,610.28,Syria,,2021-08-23,62
206,0.9,433.11,China,,2021-09-16,9
207,0.85,395.91,Philippines,,2020-04-10,5
208,0.8,234.43,Argentina,,2020-03-31,61
209,0.21,163.12,Zambia,,2021-02-26,40
210,0.36,266.56,Portugal,Ilha de São Miguel,2020-12-10,64
211,0.53,951.51,France,Île-de-France,2020-11-30,44
212,0.04,742.8,China,,2020-12-14,100
213,0.98,861.1,Libya,,2021-09-10,73
214,0.47,996.87,Egypt,,2021-02-27,82
215,0.83,779.16,France,Alsace,2020-01-24,47
216,0.92,405.99,Brazil,,2021-11-05,30
217,0.64,643.12,Finland,,2021-12-10,15
218,0.2,610.51,Portugal,Lisboa,2021-02-14,91
219,0.28,681.14,Philippines,,2021-08-01,20
220,0.39,176.42,Spain,Andalucia,2021-10-09,57
221,0.6,739.69,Sweden,Stockholm,2021-09-15,91
222,0.5,469.07,China,,2020-09-21,54
223,1.0,362.57,Tanzania,,2021-04-29,87
224,0.59,665.92,Malaysia,Melaka,2020-06-24,46
225,0.08,144.36,Vanuatu,,2021-08-11,45
226,0.12,499.6,France,Pays de la Loire,2020-03-17,35
227,0.34,661.27,Honduras,,2020-08-28,87
228,0.38,549.64,China,,2021-11-06,1
229,0.43,889.51,Martinique,Martinique,2021-08-07,98
230,0.17,290.84,Philippines,,2021-11-28,20
231,0.59,255.93,Germany,Sachsen-Anhalt,2021-09-28,39
232,0.09,431.0,Portugal,Coimbra,2020-02-23,88
233,0.25,339.66,Libya,,2020-08-17,66
234,0.27,110.57,Thailand,,2020-12-15,73
235,0.28,182.19,France,Centre,2020-10-28,48
236,0.85,899.19,China,,2021-05-25,81
237,0.95,926.9,China,,2021-01-14,9
238,0.59,942.6,Russia,,2020-11-24,64
239,0.24,482.45,Malaysia,Pulau Pinang,2021-02-28,30
240,0.14,816.4,Russia,,2021-05-02,17
241,0.35,939.41,Spain,Cantabria,2021-12-12,71
242,0.33,972.86,Japan,,2020-07-13,58
243,0.87,286.87,Pakistan,,2021-04-05,38
244,0.33,575.06,Russia,,2020-07-24,95
245,0.99,727.17,Japan,,2020-04-13,80
246,0.02,698.45,Sweden,Stockholm,2021-06-25,10
247,0.62,575.06,Sweden,Västernorrland,2020-10-20,50
248,0.74,501.25,France,Rhône-Alpes,2021-03-10,88
249,0.72,246.63,Poland,,2021-12-13,56
250,0.98,725.51,Philippines,,2021-06-12,12
251,0.96,584.79,Poland,,2021-12-11,97
252,0.02,342.87,Japan,,2021-09-11,69
253,0.49,489.92,Taiwan,,2021-08-24,84
254,0.97,296.36,China,,2020-02-01,44
255,0.17,145.29,Japan,,2020-01-22,23
256,0.79,247.17,Sweden,Skåne,2021-04-03,40
257,0.99,777.55,China,,2020-08-16,54
258,0.02,565.46,Indonesia,,2020-08-06,10
259,0.89,581.66,France,Languedoc-Roussillon,2020-08-14,97
260,0.43,684.23,Germany,Baden-Württemberg,2021-01-18,72
261,0.79,704.7,China,,2020-03-11,25
262,0.48,209.58,France,Rhône-Alpes,2021-12-26,76
263,0.22,593.05,Greece,,2021-11-02,25
264,0.08,182.48,China,,2020-03-05,70
265,0.32,800.51,Philippines,,2020-07-06,50
266,0.45,253.07,Morocco,,2021-12-01,82
267,0.1,839.48,Nigeria,,2020-09-10,53
268,0.11,931.08,Colombia,,2020-06-29,58
269,0.45,877.45,Indonesia,,2020-04-22,41
270,0.74,670.46,Spain,Pais Vasco,2020-07-10,20
271,0.78,326.5,Colombia,,2021-06-12,29
272,0.75,883.01,Syria,,2021-10-22,36
273,0.08,406.78,Indonesia,,2020-07-07,72
274,0.51,278.34,Nigeria,,2021-08-12,90
275,0.45,299.74,China,,2021-04-29,72
276,0.57,145.49,Russia,,2020-04-28,68
277,0.27,547.06,Russia,,2021-10-19,93
278,0.05,899.57,Indonesia,,2020-08-07,14
279,0.59,985.72,Indonesia,,2020-07-09,78
280,0.53,244.33,Ukraine,,2020-05-10,15
281,0.75,178.09,Indonesia,,2021-03-09,74
282,0.54,388.64,Tanzania,,2020-11-19,9
283,0.72,568.97,China,,2021-11-08,5
284,0.58,344.81,Indonesia,,2020-08-17,89
285,0.29,793.0,China,,2020-11-26,3
286,0.48,540.27,China,,2020-06-05,93
287,0.95,324.35,Spain,Canarias,2021-08-29,10
288,0.48,375.47,Serbia,,2020-12-21,12
289,0.26,839.94,Iceland,,2021-12-28,94
290,0.86,405.81,Canada,Ontario,2021-01-31,49
291,0.5,625.66,Brazil,,2021-02-07,6
292,0.06,391.07,China,,2021-02-05,60
293,0.08,847.81,Republic of the Congo,,2020-11-24,56
294,0.19,784.26,Poland,,2021-08-09,79
295,0.88,453.86,United States,Tennessee,2020-11-22,73
296,0.7,568.83,Philippines,,2021-08-15,43
297,0.43,378.54,China,,2020-01-18,38
298,0.78,850.81,Palestinian Territory,,2021-04-18,77
299,0.0,397.49,Norway,Hordaland,2020-01-16,32
300,0.23,489.61,Russia,,2021-03-21,56
301,0.78,945.59,United States,Ohio,2020-10-26,98
302,0.96,776.87,Poland,,2021-10-16,4
303,0.33,294.55,Dominican Republic,,2020-04-08,37
304,0.79,736.27,Russia,,2020-03-11,68
305,0.09,599.36,Brazil,,2020-04-03,18
306,0.37,994.09,Indonesia,,2021-03-01,98
307,0.49,233.83,Philippines,,2020-10-12,89
308,0.48,857.21,Argentina,,2020-01-06,78
309,0.39,259.69,Iceland,,2020-10-18,12
310,0.08,710.63,Russia,,2021-10-29,35
311,0.49,742.63,Portugal,Vila Real,2021-04-26,39
312,1.0,220.71,Portugal,Beja,2020-09-08,1
313,0.37,617.08,Vietnam,,2020-11-24,73
314,0.74,853.5,Vietnam,,2021-10-05,79
315,0.22,866.92,Poland,,2021-03-07,41
316,0.39,773.08,Latvia,,2020-04-05,37
317,0.03,232.41,China,,2021-11-09,97
318,0.2,543.04,Brazil,,2021-08-15,97
319,0.53,367.76,Russia,,2020-08-05,83
320,0.84,307.2,Madagascar,,2020-03-16,16
321,0.21,129.87,Philippines,,2021-07-25,45
322,0.97,179.18,Brazil,,2020-09-11,25
323,0.83,950.53,Indonesia,,2021-10-08,100
324,0.2,103.01,Afghanistan,,2021-05-17,90
325,0.75,928.47,France,Languedoc-Roussillon,2020-10-27,61
326,0.84,962.43,United States,Maryland,2021-11-22,97
327,0.56,380.57,Indonesia,,2020-03-19,19
328,0.45,990.91,Brazil,,2020-07-21,47
329,0.51,582.77,Brazil,,2021-10-30,72
330,0.02,202.92,Philippines,,2021-02-05,16
331,0.69,769.13,France,Nord-Pas-de-Calais,2021-12-06,37
332,0.36,715.79,Philippines,,2021-03-21,45
333,0.07,927.58,Canada,Manitoba,2021-11-28,76
334,0.86,634.09,Honduras,,2021-10-12,31
335,0.71,358.97,Armenia,,2021-12-02,85
336,0.53,307.84,Philippines,,2020-11-13,7
337,0.8,900.29,Sweden,Stockholm,2020-06-18,53
338,0.33,407.55,Costa Rica,,2020-06-10,37
339,0.58,757.34,Chile,,2020-10-18,61
340,0.31,266.37,China,,2020-10-11,57
341,0.18,866.35,Ireland,,2021-06-01,83
342,0.14,772.12,Philippines,,2020-12-19,69
343,0.8,917.76,China,,2020-06-29,29
344,0.17,588.16,Sweden,Västra Götaland,2021-09-19,22
345,0.29,637.15,United States,Virginia,2021-06-24,40
346,0.61,355.3,Brazil,,2020-05-25,9
347,0.47,933.76,China,,2021-05-31,75
348,0.62,379.03,China,,2021-04-20,5
349,0.34,228.6,Zimbabwe,,2020-02-22,61
350,0.15,181.14,Saudi Arabia,,2020-03-23,79
351,0.99,353.51,France,Centre,2020-04-01,48
352,0.33,423.97,Nicaragua,,2020-07-12,70
353,0.69,392.82,Egypt,,2020-01-23,11
354,0.22,303.33,Philippines,,2021-03-30,4
355,0.73,103.31,France,Centre,2021-01-15,25
356,0.03,254.38,China,,2021-11-06,48
357,0.54,707.27,Indonesia,,2020-05-13,7
358,0.11,638.0,Ireland,,2021-08-12,75
359,0.52,522.45,France,Île-de-France,2020-04-30,18
360,0.3,827.64,Colombia,,2021-03-08,34
361,0.84,792.6,Poland,,2020-01-13,28
362,0.27,448.76,China,,2020-11-29,90
363,0.46,685.63,Indonesia,,2021-12-24,20
364,0.97,267.99,China,,2020-06-03,77
365,0.35,717.96,Indonesia,,2020-01-01,5
366,0.43,744.14,Indonesia,,2021-08-26,38
367,0.55,828.67,Netherlands,Provincie Zuid-Holland,2020-06-26,33
368,0.19,806.61,Hong Kong,,2021-09-12,1
369,0.15,542.82,Colombia,,2020-09-02,17
370,0.2,810.23,Slovenia,,2020-05-13,71
371,0.72,178.7,Indonesia,,2021-07-15,43
372,0.96,276.73,Botswana,,2021-06-17,71
373,0.74,634.66,Sierra Leone,,2020-10-14,71
374,0.25,475.43,China,,2020-03-07,96
375,0.03,268.75,Norway,Oslo,2020-01-10,95
376,0.83,913.64,Croatia,,2020-08-04,52
377,0.86,500.55,Indonesia,,2020-10-06,90
378,0.33,153.51,Iran,,2020-02-18,81
379,0.58,901.68,Cameroon,,2021-04-24,48
380,0.81,554.5,Afghanistan,,2020-04-06,36
381,0.82,614.09,Brazil,,2020-12-19,66
382,0.07,931.54,France,Rhône-Alpes,2021-05-12,93
383,0.63,424.78,Indonesia,,2020-12-14,69
384,0.61,177.81,Russia,,2020-08-31,76
385,0.76,231.11,Sweden,Norrbotten,2020-08-28,61
386,0.56,805.83,Sweden,Örebro,2020-04-18,34
387,0.32,189.41,Italy,Lombardia,2020-05-06,47
388,0.35,611.46,China,,2021-07-01,55
389,0.67,348.01,China,,2020-10-21,67
390,0.26,322.71,Philippines,,2021-11-03,40
391,0.07,955.71,United Kingdom,England,2020-10-24,16
392,0.39,135.79,Slovenia,,2021-12-30,25
393,0.9,787.25,Russia,,2021-01-21,68
394,0.21,235.7,Mexico,Mexico,2020-04-16,17
395,0.55,582.68,China,,2020-01-30,30
396,0.42,577.11,Mauritius,,2021-05-20,74
397,0.75,236.85,Iraq,,2020-03-14,78
398,0.17,533.03,South Africa,,2021-07-25,92
399,0.73,948.73,Azerbaijan,,2020-10-01,64
400,0.02,794.19,China,,2020-07-29,48
401,0.22,174.12,Sweden,Västra Götaland,2020-02-06,70
402,0.01,119.92,Poland,,2020-01-28,100
403,0.45,601.87,Philippines,,2021-06-11,79
404,0.51,685.19,Indonesia,,2021-11-29,44
405,0.91,603.72,Ukraine,,2021-11-28,45
406,0.66,207.94,Nicaragua,,2020-02-08,79
407,0.11,152.81,Syria,,2020-02-14,80
408,0.03,959.43,United States,California,2021-02-16,86
409,0.05,139.21,Portugal,Viseu,2020-10-22,87
410,0.26,674.02,Portugal,Porto,2020-07-17,77
411,0.98,657.54,Thailand,,2021-04-02,37
412,0.16,526.75,Israel,,2021-07-10,41
413,0.88,913.65,Ecuador,,2020-07-19,15
414,0.58,451.02,Russia,,2020-08-02,24
415,0.73,646.13,Serbia,,2020-04-14,79
416,0.38,552.94,Indonesia,,2021-11-25,5
417,0.68,385.89,Philippines,,2020-12-18,78
418,0.67,295.29,Israel,,2020-05-06,20
419,0.3,197.48,Indonesia,,2021-04-07,22
420,0.06,714.74,Japan,,2021-10-19,77
421,0.08,803.52,Ukraine,,2021-06-20,32
422,0.86,595.72,Indonesia,,2021-12-19,56
423,0.88,824.26,China,,2021-10-07,10
424,0.89,420.53,Ukraine,,2020-08-28,79
425,0.63,343.63,Indonesia,,2020-11-19,44
426,0.46,265.35,Greece,,2021-05-20,14
427,0.38,163.73,Iraq,,2020-08-11,69
428,0.68,703.44,China,,2020-12-12,20
429,0.38,904.43,Brazil,,2021-04-18,12
430,0.51,786.2,Nigeria,,2020-04-22,16
431,0.33,354.98,Russia,,2021-07-04,91
432,0.72,579.88,Indonesia,,2021-11-13,62
433,0.24,254.43,Russia,,2021-10-28,45
434,0.03,223.62,Canada,Alberta,2020-07-27,53
435,0.44,419.98,Sweden,Skåne,2020-12-07,13
436,0.18,690.02,China,,2020-06-25,16
437,0.25,597.83,France,Midi-Pyrénées,2021-02-13,44
438,0.01,403.72,China,,2020-02-13,97
439,0.26,420.71,Russia,,2020-06-27,9
440,0.99,771.66,Portugal,Coimbra,2020-08-13,62
441,0.98,132.86,Georgia,,2021-10-18,49
442,0.36,125.7,Uganda,,2021-05-04,69
443,0.61,517.85,China,,2021-02-15,42
444,0.21,376.43,Canada,Nova Scotia,2020-01-11,67
445,0.13,601.31,China,,2020-07-12,67
446,0.43,459.92,Serbia,,2020-01-10,74
447,0.49,659.22,China,,2021-06-27,47
448,0.46,912.11,Mexico,Veracruz Llave,2021-06-11,72
449,0.79,679.97,Paraguay,,2021-11-25,31
450,0.37,836.31,Indonesia,,2020-02-05,33
451,0.58,778.44,Russia,,2021-07-23,15
452,0.2,582.99,Japan,,2020-06-06,83
453,0.13,354.66,Russia,,2020-02-16,4
454,0.41,540.84,Greece,,2020-07-03,2
455,0.4,465.92,Czech Republic,,2021-08-22,3
456,0.13,577.98,Nicaragua,,2020-08-01,4
457,0.42,880.43,China,,2020-09-29,3
458,0.59,880.11,Saudi Arabia,,2020-01-03,20
459,0.57,672.17,Greece,,2021-11-28,72
460,0.79,980.28,United States,Texas,2021-08-26,6
461,0.45,861.99,Botswana,,2020-07-05,29
462,0.35,402.4,Syria,,2020-06-01,92
463,0.2,173.22,China,,2020-05-19,95
464,0.6,200.63,Czech Republic,,2021-07-12,90
465,0.46,189.48,China,,2020-10-08,27
466,0.25,736.09,China,,2021-10-12,17
467,0.93,643.5,China,,2021-11-12,94
468,1.0,592.64,Colombia,,2021-07-21,10
469,0.73,812.53,China,,2021-08-29,96
470,0.04,815.15,South Africa,,2021-01-03,67
471,0.57,427.95,Indonesia,,2021-03-07,19
472,0.09,675.76,Russia,,2020-08-20,95
473,0.61,893.73,Portugal,Aveiro,2021-03-20,55
474,0.63,736.86,South Africa,,2020-06-26,22
475,0.05,121.26,Cameroon,,2020-02-17,76
476,0.31,306.54,Russia,,2020-04-05,82
477,0.57,305.18,China,,2021-03-23,34
478,0.53,743.41,Brazil,,2020-11-19,91
479,0.74,474.68,Philippines,,2021-03-20,5
480,0.69,796.24,Colombia,,2020-04-23,85
481,0.87,958.97,China,,2021-03-03,95
482,0.16,942.38,Sweden,Kronoberg,2020-08-01,41
483,0.93,441.02,Japan,,2021-10-24,22
484,0.4,101.49,Tanzania,,2021-02-01,70
485,0.32,167.02,China,,2020-09-09,18
486,0.52,451.84,Indonesia,,2021-07-26,84
487,0.25,797.77,China,,2020-01-11,59
488,0.97,966.59,Armenia,,2021-08-24,70
489,0.87,221.42,Thailand,,2021-07-25,23
490,0.92,453.16,Trinidad and Tobago,,2021-06-04,17
491,0.45,369.45,Russia,,2021-04-08,52
492,0.11,315.73,France,Île-de-France,2021-08-30,42
493,0.74,588.88,Honduras,,2021-02-06,60
494,0.97,930.82,Denmark,Region Hovedstaden,2021-03-16,14
495,0.13,593.35,Indonesia,,2020-06-20,88
496,0.89,485.64,Indonesia,,2021-09-23,62
497,0.05,175.89,Russia,,2021-10-05,68
498,0.88,565.34,Argentina,,2020-05-26,9
499,0.19,937.56,Russia,,2021-10-25,97
500,0.54,329.94,Indonesia,,2020-05-07,43
501,0.27,359.6,Philippines,,2021-04-15,80
502,0.95,839.41,Philippines,,2021-01-29,31
503,0.37,438.46,Libya,,2021-09-08,67
504,0.9,705.37,Netherlands,Provincie Flevoland,2021-01-14,34
505,0.66,478.66,South Africa,,2021-02-01,23
506,0.29,225.11,China,,2020-04-07,23
507,0.57,849.83,Mexico,Mexico,2021-03-20,91
508,0.29,122.71,United States,Texas,2021-09-10,18
509,0.41,592.13,Argentina,,2021-10-24,92
510,0.95,470.68,China,,2021-01-24,62
511,0.51,485.64,Russia,,2020-10-22,8
512,0.15,754.25,Japan,,2021-11-04,11
513,0.27,344.52,Uzbekistan,,2020-03-04,22
514,0.84,877.76,Japan,,2021-10-02,7
515,0.6,250.54,Belarus,,2021-08-20,44
516,0.46,737.23,Indonesia,,2021-01-18,66
517,0.66,218.18,Japan,,2021-02-09,42
518,0.63,918.86,Colombia,,2021-01-31,26
519,0.15,497.14,Samoa,,2021-04-25,45
520,0.95,586.17,Philippines,,2021-01-22,65
521,0.42,934.52,Vietnam,,2020-06-27,22
522,0.57,819.34,China,,2021-08-10,7
523,0.91,251.82,Slovenia,,2020-01-02,60
524,0.06,135.45,Vietnam,,2021-08-18,95
525,0.77,795.03,Russia,,2021-08-31,89
526,0.16,120.1,Comoros,,2021-05-30,45
527,0.69,178.47,Angola,,2021-03-18,45
528,0.9,914.1,Poland,,2021-02-11,81
529,0.2,317.89,Indonesia,,2020-12-27,72
530,0.17,713.91,Philippines,,2021-03-08,78
531,0.06,870.82,Russia,,2021-10-07,67
532,0.57,666.43,Czech Republic,,2020-08-07,93
533,0.36,615.5,Russia,,2020-03-18,26
534,0.73,639.94,Kenya,,2021-08-24,19
535,0.09,227.72,France,Lorraine,2021-12-02,60
536,0.65,510.75,Argentina,,2021-01-12,74
537,0.68,950.89,Indonesia,,2021-09-04,13
538,0.03,199.02,Qatar,,2020-02-12,97
539,0.98,405.63,Argentina,,2021-08-30,67
540,0.65,906.13,Peru,,2020-04-09,23
541,0.98,292.9,Peru,,2021-09-16,59
542,0.44,758.8,Brazil,,2021-07-27,47
543,0.13,166.31,Iran,,2020-12-21,43
544,0.05,449.4,Cape Verde,,2020-10-10,13
545,0.68,384.86,China,,2021-08-30,39
546,0.46,509.92,Argentina,,2020-03-01,40
547,0.11,984.14,Russia,,2020-08-10,20
548,0.43,642.59,Martinique,Martinique,2020-06-06,6
549,0.47,160.21,Croatia,,2020-12-20,40
550,0.41,818.95,Philippines,,2020-01-27,4
551,0.56,866.38,China,,2021-07-02,53
552,0.2,518.9,Russia,,2020-07-17,67
553,0.14,172.45,Uganda,,2020-02-10,22
554,0.32,750.44,Russia,,2021-05-23,91
555,0.7,709.95,Nigeria,,2021-09-29,82
556,0.91,238.4,Indonesia,,2020-09-16,34
557,0.09,603.35,Venezuela,,2020-05-22,95
558,0.38,911.74,China,,2020-01-14,79
559,0.37,379.28,China,,2020-12-28,24
560,0.7,362.68,Malaysia,Selangor,2021-03-30,86
561,0.74,781.66,Portugal,Lisboa,2020-03-16,33
562,0.3,241.44,Brazil,,2020-10-04,18
563,0.03,744.3,China,,2020-09-27,7
564,0.53,274.59,Canada,Ontario,2020-12-20,100
565,0.07,948.44,China,,2020-03-30,49
566,0.38,425.9,Canada,Québec,2020-02-10,73
567,0.4,404.73,Indonesia,,2020-03-29,43
568,0.69,626.17,Colombia,,2020-08-15,48
569,0.62,371.58,China,,2020-07-02,6
570,0.44,227.9,China,,2020-12-16,36
571,0.93,732.0,Poland,,2020-07-26,34
572,0.56,787.61,Mayotte,,2021-07-10,17
573,0.31,477.32,Philippines,,2020-12-21,14
574,0.69,131.13,Japan,,2020-06-13,43
575,0.81,193.87,Indonesia,,2021-05-20,74
576,0.3,169.63,Indonesia,,2020-04-06,76
577,0.6,698.18,Costa Rica,,2020-01-23,72
578,0.31,535.09,Russia,,2021-04-28,17
579,0.84,231.9,Vietnam,,2020-07-08,24
580,0.22,199.84,Israel,,2020-11-20,28
581,0.89,280.27,Ukraine,,2021-01-01,4
582,0.92,544.05,Ukraine,,2021-05-20,43
583,0.16,463.35,Finland,,2020-11-27,65
584,0.3,728.62,Russia,,2020-07-12,91
585,0.32,809.77,Cameroon,,2021-05-14,83
586,0.14,628.65,Estonia,,2021-04-19,42
587,0.72,874.72,Indonesia,,2021-03-03,95
588,0.21,705.44,Canada,Nunavut,2020-01-14,89
589,0.39,257.88,Georgia,,2020-10-27,66
590,0.59,549.73,France,Île-de-France,2021-06-03,1
591,0.6,695.81,New Zealand,,2020-03-27,87
592,0.29,670.03,Greece,,2021-02-24,23
593,0.85,141.57,Pakistan,,2021-10-09,34
594,0.26,355.58,Peru,,2020-08-04,78
595,0.46,894.49,China,,2020-02-19,31
596,0.91,790.39,United States,Texas,2020-01-13,6
597,0.6,217.47,Hungary,Budapest,2021-03-27,82
598,0.65,917.03,China,,2020-03-12,81
599,0.71,461.19,France,Nord-Pas-de-Calais,2020-10-26,33
600,0.4,294.09,Portugal,Lisboa,2020-03-18,5
601,0.44,793.3,Ukraine,,2020-05-27,94
602,0.79,295.87,Indonesia,,2020-06-27,22
603,0.66,144.13,Sweden,Stockholm,2020-01-06,17
604,0.35,469.1,Poland,,2021-07-13,11
605,0.09,752.21,Indonesia,,2020-08-28,66
606,0.29,774.36,Indonesia,,2020-10-17,8
607,0.63,876.31,China,,2021-04-28,65
608,0.22,553.99,Slovenia,,2021-08-25,65
609,0.42,737.39,China,,2020-12-31,96
610,0.97,898.69,Indonesia,,2020-07-30,66
611,0.45,922.72,Czech Republic,,2021-07-29,44
612,0.03,648.74,China,,2020-03-25,12
613,0.15,680.41,Armenia,,2021-07-26,97
614,0.06,141.28,Nicaragua,,2020-08-18,19
615,0.24,644.3,Philippines,,2021-02-10,45
616,0.88,547.33,Serbia,,2020-01-22,96
617,0.77,509.19,China,,2021-01-07,43
618,0.63,100.27,China,,2020-09-30,6
619,0.31,114.66,Indonesia,,2021-11-05,52
620,0.62,924.75,Indonesia,,2020-06-17,24
621,0.32,418.73,China,,2020-05-03,75
622,0.73,642.05,United States,California,2020-04-11,69
623,0.61,494.03,Macedonia,,2021-08-17,15
624,0.55,954.36,Czech Republic,,2020-01-07,57
625,0.47,214.24,Japan,,2020-01-28,51
626,0.64,516.22,Poland,,2020-11-12,89
627,0.26,617.62,Kyrgyzstan,,2020-11-28,35
628,0.01,335.9,Indonesia,,2021-11-05,20
629,0.56,298.11,China,,2020-06-18,51
630,0.91,371.37,China,,2021-01-19,34
631,0.57,991.61,Indonesia,,2021-07-10,6
632,0.92,908.61,Indonesia,,2021-01-30,60
633,0.93,128.8,China,,2021-11-06,35
634,0.91,102.43,Albania,,2021-12-07,91
635,0.67,267.84,Philippines,,2021-01-30,97
636,0.43,269.62,Georgia,,2021-03-30,100
637,0.53,656.87,Hungary,Baranya,2021-03-19,33
638,0.98,139.98,Poland,,2020-02-04,48
639,0.79,318.41,Greece,,2020-10-29,33
640,0.59,575.73,Georgia,,2021-12-28,88
641,0.17,605.4,Czech Republic,,2021-05-02,97
642,0.56,287.1,China,,2021-12-14,87
643,0.36,761.12,Afghanistan,,2021-09-26,61
644,0.89,376.86,Philippines,,2021-05-14,30
645,0.86,806.81,Indonesia,,2021-02-20,32
646,0.75,666.11,Ireland,,2021-02-19,100
647,0.27,940.58,Mongolia,,2020-02-03,99
648,0.95,521.99,Brazil,,2021-10-20,25
649,0.44,148.89,United States,California,2020-11-27,57
650,0.02,168.85,France,Provence-Alpes-Côte d'Azur,2020-09-06,8
651,0.74,469.68,Chile,,2021-08-26,62
652,0.16,938.32,Vietnam,,2020-05-30,1
653,0.21,696.04,Russia,,2020-10-07,55
654,0.0,929.56,Nigeria,,2021-08-30,35
655,0.63,272.53,Russia,,2020-08-17,83
656,0.5,140.46,Japan,,2021-07-26,85
657,0.5,952.3,France,Île-de-France,2020-07-12,32
658,0.86,614.16,Poland,,2020-10-04,88
659,0.46,291.72,Russia,,2020-02-03,23
660,0.78,831.38,Poland,,2020-03-23,94
661,0.58,548.55,China,,2021-10-13,74
662,0.46,902.04,Indonesia,,2021-09-11,70
663,0.18,508.47,China,,2020-02-22,12
664,0.43,933.22,China,,2020-04-17,63
665,1.0,520.74,Indonesia,,2020-04-10,11
666,0.07,676.22,Iraq,,2021-04-22,11
667,0.22,726.84,France,Bourgogne,2021-08-28,58
668,0.22,626.28,Philippines,,2020-12-14,5
669,0.82,422.28,Indonesia,,2020-02-13,66
670,0.39,300.96,Ethiopia,,2021-02-01,60
671,0.03,108.34,Croatia,,2020-11-03,16
672,0.56,523.45,Indonesia,,2021-11-27,74
673,0.59,841.1,Slovenia,,2020-12-20,5
674,0.75,689.82,Russia,,2020-10-30,67
675,0.5,527.01,China,,2021-10-08,56
676,0.06,865.36,China,,2020-06-17,8
677,0.86,744.68,Canada,Ontario,2020-11-25,95
678,0.01,420.92,Greece,,2020-02-01,63
679,0.23,470.47,China,,2020-04-12,48
680,0.24,605.55,Kazakhstan,,2021-06-26,85
681,0.57,545.22,China,,2021-02-05,44
682,0.36,990.93,France,Haute-Normandie,2020-06-21,22
683,0.53,741.87,Indonesia,,2021-12-16,26
684,0.43,393.94,Indonesia,,2020-01-08,36
685,0.95,144.37,China,,2020-10-29,53
686,0.28,190.99,Colombia,,2020-11-09,100
687,0.26,366.18,Philippines,,2020-10-02,94
688,0.32,924.26,Russia,,2020-05-26,70
689,0.53,134.4,France,Nord-Pas-de-Calais,2021-09-21,43
690,0.51,493.1,Bolivia,,2020-02-20,59
691,0.92,579.45,Colombia,,2020-01-08,64
692,0.75,632.72,China,,2021-08-25,2
693,0.13,537.03,China,,2021-11-18,54
694,0.69,580.09,France,Île-de-France,2020-09-23,72
695,0.86,723.15,Greece,,2021-11-23,98
696,0.73,116.02,Mexico,Mexico,2021-11-06,5
697,0.51,367.42,Russia,,2021-03-18,62
698,0.76,436.01,China,,2020-11-14,42
699,0.44,489.63,Portugal,Vila Real,2020-12-11,61
700,0.25,372.41,China,,2021-04-17,91
701,0.88,235.35,Bulgaria,,2021-05-19,20
702,0.14,294.12,Russia,,2021-06-19,29
703,0.36,695.19,Indonesia,,2020-01-28,97
704,0.6,863.32,China,,2020-03-15,88
705,0.5,748.59,Brazil,,2020-09-08,39
706,0.82,750.23,Brazil,,2021-10-10,4
707,0.75,382.48,China,,2021-04-30,91
708,0.37,127.88,Indonesia,,2021-08-23,7
709,0.16,138.05,El Salvador,,2021-02-20,69
710,0.94,855.8,Nepal,,2021-06-17,97
711,0.23,809.61,Tunisia,,2020-09-20,52
712,0.8,293.88,Philippines,,2020-04-17,82
713,0.47,690.41,Canada,Nova Scotia,2020-01-03,47
714,0.43,525.82,Bangladesh,,2021-05-24,7
715,0.36,443.02,Russia,,2020-10-27,82
716,0.05,622.73,Philippines,,2021-02-18,53
717,0.59,338.44,Russia,,2021-02-17,3
718,0.8,320.82,Chile,,2020-05-04,46
719,0.52,547.15,Nigeria,,2020-02-06,32
720,0.06,396.65,Brazil,,2021-01-01,65
721,0.68,595.49,Philippines,,2021-11-26,80
722,0.57,173.21,Russia,,2021-05-13,52
723,0.44,222.33,Indonesia,,2020-10-29,63
724,0.06,928.61,Egypt,,2020-01-22,47
725,0.39,962.69,Paraguay,,2021-12-17,61
726,0.12,436.64,Ukraine,,2020-11-12,71
727,0.62,710.88,Czech Republic,,2020-08-23,95
728,0.55,520.76,Estonia,,2021-10-06,46
729,0.92,856.37,France,Languedoc-Roussillon,2021-06-26,15
730,0.1,862.82,Philippines,,2020-03-19,49
731,0.92,273.46,Bosnia and Herzegovina,,2021-12-22,73
732,0.14,267.47,Togo,,2021-07-20,6
733,0.81,288.19,Poland,,2020-12-28,84
734,0.66,497.37,China,,2021-08-16,100
735,0.57,202.73,United States,Georgia,2020-03-08,7
736,0.02,454.74,France,Aquitaine,2021-08-11,66
737,0.51,901.5,Portugal,Leiria,2021-01-28,40
738,0.75,124.86,China,,2020-08-13,24
739,0.96,121.65,Croatia,,2021-01-08,83
740,0.34,929.77,Morocco,,2021-12-03,67
741,0.28,374.45,China,,2020-08-31,60
742,0.09,637.19,Serbia,,2020-10-30,41
743,0.58,489.69,Germany,Rheinland-Pfalz,2021-11-15,14
744,0.1,811.83,Greece,,2020-03-20,5
745,0.44,566.97,Switzerland,Kanton Basel-Stadt,2021-11-04,36
746,0.48,714.44,Tanzania,,2021-09-29,63
747,0.11,226.01,China,,2021-02-20,80
748,0.4,716.57,Ukraine,,2020-08-16,40
749,0.33,794.94,Canada,Québec,2020-09-14,23
750,0.61,431.22,Niger,,2021-02-20,26
751,0.45,219.52,Portugal,Porto,2021-02-15,66
752,0.95,451.58,China,,2021-11-22,19
753,0.5,950.98,Cambodia,,2021-12-29,4
754,0.56,861.95,Ukraine,,2021-10-10,14
755,0.53,608.07,Costa Rica,,2020-06-06,2
756,0.07,908.23,Lithuania,,2021-06-29,36
757,0.63,804.35,China,,2021-06-02,24
758,0.29,865.59,Colombia,,2021-02-13,10
759,0.07,859.77,Indonesia,,2021-04-14,70
760,0.72,628.09,Azerbaijan,,2021-12-05,94
761,0.62,577.74,Russia,,2021-04-04,11
762,0.12,840.47,South Africa,,2020-05-29,81
763,0.71,681.83,Japan,,2020-11-22,30
764,0.98,841.97,Indonesia,,2021-08-05,20
765,0.82,988.73,China,,2021-06-08,34
766,0.19,977.96,Ukraine,,2021-05-08,92
767,0.78,260.54,Kenya,,2021-04-17,67
768,0.51,417.33,Mauritius,,2020-09-21,56
769,0.37,439.73,Indonesia,,2021-11-20,83
770,0.19,497.97,Finland,,2020-07-18,43
771,0.81,738.35,Luxembourg,,2020-06-06,5
772,0.29,356.89,Indonesia,,2020-10-15,67
773,0.78,976.35,Poland,,2021-06-03,10
774,0.39,171.83,China,,2021-06-23,62
775,0.81,574.47,Sweden,Kalmar,2021-07-12,49
776,0.68,870.94,China,,2021-01-09,14
777,0.81,770.96,China,,2021-11-26,99
778,0.15,411.25,China,,2020-09-18,14
779,0.09,476.65,China,,2020-12-01,95
780,0.86,569.74,Brazil,,2021-05-29,15
781,0.87,491.74,China,,2020-05-18,89
782,0.93,718.18,Colombia,,2020-09-06,49
783,0.78,849.89,Central African Republic,,2021-01-19,95
784,0.51,854.68,France,Alsace,2021-05-16,16
785,0.47,675.9,China,,2021-10-13,70
786,0.34,777.33,Peru,,2020-07-23,75
787,0.06,834.81,China,,2020-07-11,25
788,0.97,771.33,United States,Massachusetts,2020-01-12,65
789,0.21,626.06,China,,2021-11-12,65
790,0.28,612.99,Ethiopia,,2020-04-22,45
791,0.65,575.1,Indonesia,,2021-05-12,54
792,0.42,799.79,Greece,,2020-05-20,64
793,0.41,418.73,Japan,,2021-04-19,58
794,0.02,142.16,Czech Republic,,2020-05-01,38
795,0.19,378.64,Saint Kitts and Nevis,,2021-11-27,75
796,0.25,314.08,China,,2020-04-12,39
797,0.18,809.94,United States,Nebraska,2020-10-19,49
798,0.72,359.94,Canada,Alberta,2021-10-26,86
799,0.77,419.78,China,,2021-07-11,46
800,0.82,976.18,Russia,,2021-02-08,22
801,0.13,212.27,Kenya,,2021-05-16,97
802,0.74,323.3,China,,2021-10-11,7
803,0.19,286.46,Saint Lucia,,2021-10-28,45
804,0.18,756.6,Bolivia,,2021-10-24,31
805,0.44,435.21,Bulgaria,,2021-06-20,22
806,0.19,617.49,China,,2021-08-23,62
807,0.38,764.85,China,,2021-07-30,72
808,0.38,652.59,China,,2020-02-04,83
809,0.7,272.46,United States,Connecticut,2021-02-08,29
810,0.86,379.2,Philippines,,2020-05-04,47
811,0.87,146.83,Canada,Saskatchewan,2020-04-02,23
812,0.95,160.06,Japan,,2020-06-14,70
813,0.7,911.28,Indonesia,,2020-06-23,83
814,0.3,714.24,Poland,,2020-10-06,70
815,0.19,950.55,China,,2020-04-08,43
816,0.19,206.81,Indonesia,,2020-04-18,58
817,0.21,481.45,Russia,,2021-07-04,93
818,0.58,894.15,Poland,,2021-11-29,47
819,0.27,172.24,China,,2020-05-09,63
820,0.33,733.73,Philippines,,2021-08-23,89
821,0.6,189.2,China,,2020-10-29,88
822,0.63,742.55,China,,2021-12-21,51
823,0.44,381.7,China,,2020-04-10,19
824,0.63,245.51,Russia,,2021-08-12,3
825,0.68,355.53,Mexico,Tamaulipas,2020-01-19,4
826,0.61,385.22,Japan,,2020-07-22,8
827,0.77,289.23,Czech Republic,,2020-01-01,41
828,0.69,413.51,Moldova,,2020-10-13,72
829,0.81,791.16,Russia,,2021-05-15,72
830,0.41,755.69,Russia,,2021-12-29,89
831,0.58,157.22,China,,2021-07-10,37
832,0.08,830.74,Indonesia,,2021-07-16,92
833,0.39,617.37,Indonesia,,2020-09-10,92
834,0.66,163.87,Costa Rica,,2020-09-09,38
835,0.93,671.32,Poland,,2020-04-07,1
836,0.01,965.64,China,,2021-06-24,51
837,0.9,204.5,Sweden,Stockholm,2020-04-06,92
838,0.37,729.92,China,,2020-08-21,32
839,0.06,206.76,South Korea,,2020-12-24,78
840,0.6,572.7,Indonesia,,2020-01-05,98
841,0.84,541.48,Poland,,2021-10-07,76
842,0.9,640.28,Cuba,,2021-08-10,39
843,0.53,522.0,Philippines,,2020-03-04,18
844,0.09,896.57,China,,2021-10-26,93
845,0.28,781.06,Japan,,2020-02-15,55
846,0.66,350.97,Brazil,,2020-02-18,62
847,0.03,350.71,Indonesia,,2021-09-23,46
848,0.13,746.86,Indonesia,,2020-07-07,37
849,0.35,194.75,Comoros,,2020-12-11,49
850,0.97,406.79,United States,Utah,2020-11-08,95
851,0.57,280.86,Argentina,,2021-07-17,65
852,0.23,435.21,China,,2021-04-28,64
853,0.06,805.67,Sweden,Östergötland,2020-10-09,32
854,0.02,213.68,Russia,,2021-06-19,6
855,0.09,262.48,China,,2021-02-05,74
856,0.69,490.47,Finland,,2020-12-18,73
857,0.98,358.78,Czech Republic,,2021-01-16,3
858,0.87,433.37,United States,Pennsylvania,2021-06-24,84
859,0.01,456.37,Mexico,Nayarit,2020-06-25,92
860,0.52,582.14,Japan,,2020-06-08,49
861,0.02,696.75,Portugal,Aveiro,2021-01-14,54
862,0.7,144.86,China,,2021-10-15,39
863,0.84,222.59,Philippines,,2021-10-06,54
864,0.87,778.56,China,,2020-09-08,93
865,0.58,171.12,Venezuela,,2020-06-29,18
866,0.73,359.7,Angola,,2021-10-06,88
867,0.29,753.31,Bangladesh,,2020-11-27,66
868,0.47,820.06,Russia,,2021-03-22,52
869,0.73,834.66,Colombia,,2020-10-10,83
870,0.12,950.7,Portugal,Viana do Castelo,2020-08-20,9
871,0.74,894.54,Sweden,Stockholm,2021-03-09,14
872,0.17,358.79,Russia,,2020-04-19,59
873,0.8,256.26,Philippines,,2021-04-08,52
874,0.53,424.04,Ukraine,,2020-08-09,59
875,0.81,676.38,Yemen,,2021-04-07,14
876,0.13,662.62,Philippines,,2021-06-16,35
877,0.33,333.12,Portugal,Bragança,2020-10-22,98
878,0.41,755.13,Indonesia,,2020-04-19,75
879,0.55,278.08,China,,2021-05-03,94
880,0.62,805.22,China,,2020-07-22,63
881,0.85,611.48,South Korea,,2020-12-22,69
882,0.36,244.38,Belarus,,2020-04-14,15
883,0.46,985.56,Indonesia,,2021-11-27,84
884,0.58,667.53,China,,2021-02-08,43
885,0.63,143.65,Greece,,2020-03-13,31
886,0.19,641.84,Morocco,,2020-04-30,73
887,0.33,796.46,Russia,,2020-11-17,97
888,0.23,524.18,Argentina,,2020-08-23,75
889,0.72,984.83,China,,2020-08-28,23
890,0.53,534.27,United States,Washington,2020-03-11,57
891,0.08,774.48,Netherlands,Provincie Overijssel,2021-04-18,96
892,0.63,196.01,Japan,,2020-10-10,81
893,0.62,812.59,France,Limousin,2020-07-01,74
894,0.48,257.59,China,,2020-05-27,21
895,0.68,719.54,Egypt,,2021-02-27,18
896,0.99,686.03,Bulgaria,,2021-04-17,1
897,0.9,145.84,China,,2020-02-21,9
898,0.84,629.67,Russia,,2020-07-07,63
899,0.5,480.79,Indonesia,,2020-08-01,9
900,0.16,183.17,Spain,Andalucia,2020-02-27,22
901,0.21,248.72,China,,2021-05-04,30
902,0.31,444.24,Cuba,,2021-10-06,82
903,0.13,242.99,Tunisia,,2021-08-23,64
904,0.04,820.07,Brazil,,2021-01-16,20
905,0.95,872.71,Costa Rica,,2020-04-05,73
906,0.82,587.63,China,,2020-09-11,51
907,0.71,763.4,Brazil,,2020-06-19,50
908,0.48,578.93,Indonesia,,2020-09-19,75
909,0.57,802.58,Colombia,,2020-06-14,91
910,0.96,175.93,Poland,,2021-01-14,17
911,0.88,960.95,Mexico,Mexico,2021-03-08,70
912,0.69,173.16,Georgia,,2020-07-06,4
913,0.41,690.89,Chile,,2020-09-10,90
914,0.78,197.23,United States,Florida,2020-04-05,43
915,0.97,286.13,China,,2020-01-24,59
916,0.47,382.53,Serbia,,2020-12-11,60
917,0.16,628.86,Cameroon,,2021-05-03,28
918,0.07,340.49,Brazil,,2020-06-10,61
919,0.86,591.69,Indonesia,,2020-07-13,1
920,0.26,236.98,Indonesia,,2021-02-28,35
921,0.61,507.34,Palestinian Territory,,2020-08-17,49
922,0.2,395.26,Brazil,,2021-05-12,12
923,0.74,671.28,Switzerland,Kanton Zürich,2021-11-04,54
924,0.77,402.72,China,,2021-04-20,24
925,0.6,313.5,China,,2020-09-21,33
926,0.34,961.59,United States,Pennsylvania,2021-01-10,57
927,0.03,385.66,France,Basse-Normandie,2020-08-05,63
928,0.48,861.4,Philippines,,2020-08-04,56
929,0.75,785.23,Philippines,,2020-12-17,76
930,0.39,365.02,Italy,Liguria,2021-03-10,24
931,0.22,405.9,Serbia,,2020-06-02,25
932,0.55,504.45,Philippines,,2020-10-07,40
933,0.56,166.78,Russia,,2020-09-09,16
934,0.88,942.9,Poland,,2020-07-07,3
935,0.6,612.75,Poland,,2021-07-31,32
936,0.71,455.4,Turkmenistan,,2020-06-17,58
937,0.63,114.7,Poland,,2021-06-18,23
938,0.99,381.49,China,,2020-10-31,4
939,0.33,381.62,Panama,,2020-03-24,10
940,0.33,416.51,Gambia,,2021-04-20,28
941,0.41,223.78,Lebanon,,2020-05-12,76
942,0.45,191.53,Norway,More og Romdal,2020-10-15,34
943,0.84,831.88,Indonesia,,2021-02-05,36
944,0.13,187.89,Albania,,2021-12-04,50
945,0.65,702.24,Laos,,2020-07-21,69
946,0.56,805.59,Ireland,,2021-09-03,79
947,0.16,440.32,Poland,,2021-01-31,28
948,0.58,963.73,Portugal,Braga,2020-11-10,58
949,0.03,100.09,China,,2020-09-26,96
950,0.66,282.25,Serbia,,2020-05-12,68
951,0.89,496.12,Sweden,Västerbotten,2020-03-14,35
952,0.26,393.21,Indonesia,,2020-05-14,27
953,0.91,935.67,Poland,,2021-03-19,73
954,0.17,160.58,Nigeria,,2021-11-14,6
955,0.9,181.45,Seychelles,,2020-07-10,17
956,0.93,250.71,Czech Republic,,2020-07-30,5
957,0.41,434.55,France,Île-de-France,2020-07-27,10
958,0.8,926.58,Indonesia,,2020-10-17,31
959,0.38,858.41,Finland,,2021-09-17,17
960,0.55,452.78,Indonesia,,2020-08-30,16
961,0.61,390.34,China,,2020-12-04,20
962,0.41,381.29,Colombia,,2021-01-10,91
963,0.73,930.12,Nigeria,,2020-01-23,5
964,0.51,339.41,China,,2020-06-30,25
965,0.74,895.72,Russia,,2020-06-16,38
966,0.04,758.68,Reunion,Réunion,2021-01-15,100
967,0.61,975.55,Ukraine,,2021-12-11,76
968,0.3,268.37,Indonesia,,2021-04-18,64
969,0.14,489.7,Indonesia,,2021-05-15,80
970,0.15,776.42,China,,2020-12-05,14
971,0.89,574.56,United States,Florida,2021-12-24,7
972,0.31,479.08,Syria,,2020-02-26,40
973,0.39,209.37,Yemen,,2021-10-14,69
974,0.06,370.72,China,,2021-02-16,2
975,0.91,633.14,Kuwait,,2020-07-26,65
976,0.69,497.03,Latvia,,2020-02-28,55
977,0.5,542.23,Svalbard and Jan Mayen,,2021-08-15,11
978,0.58,360.59,Indonesia,,2021-03-16,74
979,0.36,717.26,Peru,,2020-08-11,38
980,0.44,684.01,Indonesia,,2020-08-15,43
981,0.82,336.28,Brazil,,2020-01-25,92
982,0.03,952.53,China,,2021-03-16,26
983,0.62,446.84,China,,2020-05-03,7
984,0.35,534.17,Indonesia,,2021-04-02,12
985,0.7,786.36,Finland,,2021-08-12,57
986,0.64,412.98,Vietnam,,2021-04-21,70
987,0.44,201.01,Sweden,Stockholm,2021-05-17,47
988,0.4,117.28,Sweden,Kalmar,2021-06-16,44
989,0.6,910.58,Poland,,2021-01-17,5
990,0.31,753.18,Philippines,,2020-07-09,91
991,0.13,194.63,Sweden,Stockholm,2021-03-20,63
992,0.27,760.2,Indonesia,,2020-04-17,68
993,0.9,791.36,Netherlands,Provincie Zuid-Holland,2020-01-07,73
994,0.53,943.17,Albania,,2020-06-12,3
995,0.58,385.85,Finland,,2021-12-08,13
996,0.21,674.61,Greece,,2021-03-04,98
997,0.99,270.42,China,,2020-12-20,87
998,0.35,531.77,Ukraine,,2020-03-28,21
999,0.95,217.77,Morocco,,2020-03-26,29
1000,0.01,226.84,Russia,,2021-03-30,85
